VC,Student Name1,Student Name2,Student Name3
Christopher,Owen,Patrick,Ella
Heidi,Adam,Kevin,Danielle
Katherine,Michael,Maya,Allison
Otto,Bella,Christian,Amelia
Laura,Emily,Hannah,Audrey
Peter,Jacob,Lily,Jessica
Mia,Mark,Benjamin,Daniel
Edward,Jasmine,Alexander,Justin
Noah,Nathan,Vanessa,Madison
Margaret,Fiona,Layla,Megan
Henry,Dylan,William,Gabriella
Clara,Ryan,Jack,Matthew
Sophia,Arthur,Richard,Jason
Thomas,James,Isaac,Abigail
Felix,Ruby,Chloe,Claire
Lucas,Kayla,Nicholas,Scott
Sabrina,Isabella,Eric,Troy
Julia,Daisy,Michelle,Ava
Olivia,Emma,Charlotte,Robert
George,Mason,Joseph,Caleb
